{
  "metadata": {
    "cursor": "12978936076723"
  },
  "pose": {
    "x": 0.1195974419370939,
    "y": 0.0013556808054567306,
    "theta": -0.007463250986728375
  }
}
